NoOfWorkers,GraphClass time (s),GraphFrame time (s),Dataset
2,0.000423431396484375,37.88420820236206,ENGB
3,0.0003943443298339844,32.59935522079468,ENGB
5,0.0004055500030517578,36.94925403594971,ENGB
6,0.0004177093505859375,27.606682062149048,ENGB
4,0.015209436416625977,23.92878246307373,DE
