NoOfWorkers,GraphClass time (s),GraphFrame time (s)
1,0.0003590583801269531,24.828187942504883
