NoOfWorkers,GraphClass time (s),GraphFrame time (s)
2,0.000423431396484375,37.88420820236206
3,0.0003943443298339844,32.59935522079468
