NoOfWorkers,GraphClass time (s),GraphFrame time (s)
1,0.0003590583801269531,24.828187942504883
1,0.0003681182861328125,31.04578137397766
