NoOfWorkers,GraphClass time (s),GraphFrame time (s)

2,0.01049494743347168,102.73485112190247
3,0.009637594223022461,74.6495943069458
5,0.009996652603149414,81.32360482215881
6,0.010695457458496094,82.51052212715149
4,0.0259702205657959,73.20449471473694,DE
