NoOfWorkers,GraphClass time (s),GraphFrame time (s), dataset
2,0.01049494743347168,102.73485112190247, ENGB
3,0.009637594223022461,74.6495943069458, ENGB
5,0.009996652603149414,81.32360482215881, ENGB
6,0.010695457458496094,82.51052212715149, ENGB
4,0.0259702205657959,73.20449471473694,DE
2,0.04446291923522949,106.41630601882935,DE
6,0.021820545196533203,38.586870431900024,DE
4,0.027578115463256836,47.36143493652344,DE
3,0.02515435218811035,46.40431880950928,DE
