NoOfWorkers,GraphClass time (s),GraphFrame time (s)

2,0.01049494743347168,102.73485112190247
