NoOfWorkers,GraphClass time (s),GraphFrame time (s)

2,1.430511474609375e-06,29.846829891204834
3,1.430511474609375e-06,19.2566659450531
