NoOfWorkers,GraphClass time (s),GraphFrame time (s),dataset

2,out of time (over 10 minutes),29.846829891204834,ENGB
3,out of time (over 10 minutes),19.2566659450531,ENGB
5,out of time (over 10 minutes),19.41680598258972,ENGB
6,out of time (over 10 minutes),14.647715330123901,ENGB
4,out of time (over 10 minutes),86.29342651367188,DE
3,2.384185791015625e-07,26.689303398132324,DE
4,4.76837158203125e-07,24.466190576553345,DE
6,7.152557373046875e-07,21.34888982772827,DE