NoOfWorkers,GraphClass time (s),GraphFrame time (s)
2,0.0006043910980224609,0.018646240234375
