NoOfWorkers,GraphClass time (s),GraphFrame time (s)
2,0.0006043910980224609,0.018646240234375
3,0.0004267692565917969,0.009284496307373047
5,0.00044655799865722656,0.010093927383422852
