NoOfWorkers,GraphClass time (s),GraphFrame time (s),dataset
2,0.0006043910980224609,0.018646240234375,ENGB
3,0.0004267692565917969,0.009284496307373047,ENGB
5,0.00044655799865722656,0.010093927383422852,ENGB
6,0.00043702125549316406,0.011041641235351562,ENGB
4,0.039754629135131836,0.02134227752685547,DE
2,0.019882917404174805,0.011564970016479492,DE
6,0.014408588409423828,0.008894681930541992,DE
