NoOfWorkers,GraphClass time (s),GraphFrame time (s)

2,0.017906665802001953,15.816995620727539
