NoOfWorkers,GraphClass time (s),GraphFrame time (s)

2,0.017906665802001953,15.816995620727539
3,0.018994808197021484,18.190645933151245
5,0.019264936447143555,19.353548049926758
6,0.018758773803710938,21.704362869262695
4,0.06373190879821777,89.68610191345215,DE
3,0.06282544136047363,81.6668872833252,DE
