NoOfWorkers,GraphClass time (s),GraphFrame time (s)
2,0.017906665802001953,15.816995620727539
3,0.018994808197021484,18.190645933151245
5,0.019264936447143555,19.353548049926758
6,0.018758773803710938,21.704362869262695
3,0.06282544136047363,81.6668872833252,DE
5,0.06413626670837402,93.76303029060364,DE
4,0.037874460220336914,97.64344906806946,DE
2,0.03655409812927246,96.64561462402344,DE
5,0.04552912712097168,114.57220315933228,DE
4,0.021115779876708984,17.038374185562134,ENGB
