NoOfWorkers,GraphClass time (s),GraphFrame time (s)

2,0.017906665802001953,15.816995620727539
3,0.018994808197021484,18.190645933151245
5,0.019264936447143555,19.353548049926758
